INSERT INTO names(show_id,type,title) VALUES ('s1','Movie','Dick Johnson Is Dead');
INSERT INTO names(show_id,type,title) VALUES ('s2','TV Show','Blood & Water');
INSERT INTO names(show_id,type,title) VALUES ('s3','TV Show','Ganglands');
INSERT INTO names(show_id,type,title) VALUES ('s4','TV Show','Jailbirds New Orleans');
INSERT INTO names(show_id,type,title) VALUES ('s5','TV Show','Kota Factory');
INSERT INTO names(show_id,type,title) VALUES ('s6','TV Show','Midnight Mass');
INSERT INTO names(show_id,type,title) VALUES ('s7','Movie','My Little Pony: A New Generation');
INSERT INTO names(show_id,type,title) VALUES ('s8','Movie','Sankofa');
INSERT INTO names(show_id,type,title) VALUES ('s9','TV Show','The Great British Baking Show');
INSERT INTO names(show_id,type,title) VALUES ('s10','Movie','The Starling');
INSERT INTO names(show_id,type,title) VALUES ('s11','TV Show','Vendetta: Truth, Lies and The Mafia');
INSERT INTO names(show_id,type,title) VALUES ('s12','TV Show','Bangkok Breaking');
INSERT INTO names(show_id,type,title) VALUES ('s13','Movie','Je Suis Karl');
INSERT INTO names(show_id,type,title) VALUES ('s14','Movie','Confessions of an Invisible Girl');
INSERT INTO names(show_id,type,title) VALUES ('s15','TV Show','Crime Stories: India Detectives');
INSERT INTO names(show_id,type,title) VALUES ('s16','TV Show','Dear White People');
INSERT INTO names(show_id,type,title) VALUES ('s17','Movie','Europe''s Most Dangerous Man: Otto Skorzeny in Spain');
INSERT INTO names(show_id,type,title) VALUES ('s18','TV Show','Falsa identidad');
INSERT INTO names(show_id,type,title) VALUES ('s19','Movie','Intrusion');
INSERT INTO names(show_id,type,title) VALUES ('s20','TV Show','Jaguar');
INSERT INTO names(show_id,type,title) VALUES ('s21','TV Show','Monsters Inside: The 24 Faces of Billy Milligan');
INSERT INTO names(show_id,type,title) VALUES ('s22','TV Show','Resurrection: Ertugrul');
INSERT INTO names(show_id,type,title) VALUES ('s23','Movie','Avvai Shanmughi');
INSERT INTO names(show_id,type,title) VALUES ('s24','Movie','Go! Go! Cory Carson: Chrissy Takes the Wheel');
INSERT INTO names(show_id,type,title) VALUES ('s25','Movie','Jeans');
INSERT INTO names(show_id,type,title) VALUES ('s26','TV Show','Love on the Spectrum');
INSERT INTO names(show_id,type,title) VALUES ('s27','Movie','Minsara Kanavu');
INSERT INTO names(show_id,type,title) VALUES ('s28','Movie','Grown Ups');
INSERT INTO names(show_id,type,title) VALUES ('s29','Movie','Dark Skies');
INSERT INTO names(show_id,type,title) VALUES ('s30','Movie','Paranoia');
INSERT INTO names(show_id,type,title) VALUES ('s31','Movie','Ankahi Kahaniya');
INSERT INTO names(show_id,type,title) VALUES ('s32','TV Show','Chicago Party Aunt');
INSERT INTO names(show_id,type,title) VALUES ('s33','TV Show','Sex Education');
INSERT INTO names(show_id,type,title) VALUES ('s34','TV Show','Squid Game');
INSERT INTO names(show_id,type,title) VALUES ('s35','TV Show','Tayo and Little Wizards');
INSERT INTO names(show_id,type,title) VALUES ('s36','Movie','The Father Who Moves Mountains');
INSERT INTO names(show_id,type,title) VALUES ('s37','Movie','The Stronghold');
INSERT INTO names(show_id,type,title) VALUES ('s38','TV Show','Angry Birds');
INSERT INTO names(show_id,type,title) VALUES ('s39','Movie','Birth of the Dragon');
INSERT INTO names(show_id,type,title) VALUES ('s40','TV Show','Chhota Bheem');
INSERT INTO names(show_id,type,title) VALUES ('s41','TV Show','He-Man and the Masters of the Universe');
INSERT INTO names(show_id,type,title) VALUES ('s42','Movie','Jaws');
INSERT INTO names(show_id,type,title) VALUES ('s43','Movie','Jaws 2');
INSERT INTO names(show_id,type,title) VALUES ('s44','Movie','Jaws 3');
INSERT INTO names(show_id,type,title) VALUES ('s45','Movie','Jaws: The Revenge');
INSERT INTO names(show_id,type,title) VALUES ('s46','Movie','My Heroes Were Cowboys');
INSERT INTO names(show_id,type,title) VALUES ('s47','Movie','Safe House');
INSERT INTO names(show_id,type,title) VALUES ('s48','TV Show','The Smart Money Woman');
INSERT INTO names(show_id,type,title) VALUES ('s49','Movie','Training Day');
INSERT INTO names(show_id,type,title) VALUES ('s50','TV Show','Castle and Castle');



INSERT INTO durations(title,date_added,duration) VALUES ('Dick Johnson Is Dead','September 25, 2021','90 min');
INSERT INTO durations(title,date_added,duration) VALUES ('Blood & Water','September 24, 2021','2 Seasons');
INSERT INTO durations(title,date_added,duration) VALUES ('Ganglands','September 24, 2021','1 Season');
INSERT INTO durations(title,date_added,duration) VALUES ('Jailbirds New Orleans','September 24, 2021','1 Season');
INSERT INTO durations(title,date_added,duration) VALUES ('Kota Factory','September 24, 2021','2 Seasons');
INSERT INTO durations(title,date_added,duration) VALUES ('Midnight Mass','September 24, 2021','1 Season');
INSERT INTO durations(title,date_added,duration) VALUES ('My Little Pony: A New Generation','September 24, 2021','91 min');
INSERT INTO durations(title,date_added,duration) VALUES ('Sankofa','September 24, 2021','125 min');
INSERT INTO durations(title,date_added,duration) VALUES ('The Great British Baking Show','September 24, 2021','9 Seasons');
INSERT INTO durations(title,date_added,duration) VALUES ('The Starling','September 24, 2021','104 min');
INSERT INTO durations(title,date_added,duration) VALUES ('Vendetta: Truth, Lies and The Mafia','September 24, 2021','1 Season');
INSERT INTO durations(title,date_added,duration) VALUES ('Bangkok Breaking','September 23, 2021','1 Season');
INSERT INTO durations(title,date_added,duration) VALUES ('Je Suis Karl','September 23, 2021','127 min');
INSERT INTO durations(title,date_added,duration) VALUES ('Confessions of an Invisible Girl','September 22, 2021','91 min');
INSERT INTO durations(title,date_added,duration) VALUES ('Crime Stories: India Detectives','September 22, 2021','1 Season');
INSERT INTO durations(title,date_added,duration) VALUES ('Dear White People','September 22, 2021','4 Seasons');
INSERT INTO durations(title,date_added,duration) VALUES ('Europe''s Most Dangerous Man: Otto Skorzeny in Spain','September 22, 2021','67 min');
INSERT INTO durations(title,date_added,duration) VALUES ('Falsa identidad','September 22, 2021','2 Seasons');
INSERT INTO durations(title,date_added,duration) VALUES ('Intrusion','September 22, 2021','94 min');
INSERT INTO durations(title,date_added,duration) VALUES ('Jaguar','September 22, 2021','1 Season');
INSERT INTO durations(title,date_added,duration) VALUES ('Monsters Inside: The 24 Faces of Billy Milligan','September 22, 2021','1 Season');
INSERT INTO durations(title,date_added,duration) VALUES ('Resurrection: Ertugrul','September 22, 2021','5 Seasons');
INSERT INTO durations(title,date_added,duration) VALUES ('Avvai Shanmughi','September 21, 2021','161 min');
INSERT INTO durations(title,date_added,duration) VALUES ('Go! Go! Cory Carson: Chrissy Takes the Wheel','September 21, 2021','61 min');
INSERT INTO durations(title,date_added,duration) VALUES ('Jeans','September 21, 2021','166 min');
INSERT INTO durations(title,date_added,duration) VALUES ('Love on the Spectrum','September 21, 2021','2 Seasons');
INSERT INTO durations(title,date_added,duration) VALUES ('Minsara Kanavu','September 21, 2021','147 min');
INSERT INTO durations(title,date_added,duration) VALUES ('Grown Ups','September 20, 2021','103 min');
INSERT INTO durations(title,date_added,duration) VALUES ('Dark Skies','September 19, 2021','97 min');
INSERT INTO durations(title,date_added,duration) VALUES ('Paranoia','September 19, 2021','106 min');
INSERT INTO durations(title,date_added,duration) VALUES ('Ankahi Kahaniya','September 17, 2021','111 min');
INSERT INTO durations(title,date_added,duration) VALUES ('Chicago Party Aunt','September 17, 2021','1 Season');
INSERT INTO durations(title,date_added,duration) VALUES ('Sex Education','September 17, 2021','3 Seasons');
INSERT INTO durations(title,date_added,duration) VALUES ('Squid Game','September 17, 2021','1 Season');
INSERT INTO durations(title,date_added,duration) VALUES ('Tayo and Little Wizards','September 17, 2021','1 Season');
INSERT INTO durations(title,date_added,duration) VALUES ('The Father Who Moves Mountains','September 17, 2021','110 min');
INSERT INTO durations(title,date_added,duration) VALUES ('The Stronghold','September 17, 2021','105 min');
INSERT INTO durations(title,date_added,duration) VALUES ('Angry Birds','September 16, 2021','1 Season');
INSERT INTO durations(title,date_added,duration) VALUES ('Birth of the Dragon','September 16, 2021','96 min');
INSERT INTO durations(title,date_added,duration) VALUES ('Chhota Bheem','September 16, 2021','3 Seasons');
INSERT INTO durations(title,date_added,duration) VALUES ('He-Man and the Masters of the Universe','September 16, 2021','1 Season');
INSERT INTO durations(title,date_added,duration) VALUES ('Jaws','September 16, 2021','124 min');
INSERT INTO durations(title,date_added,duration) VALUES ('Jaws 2','September 16, 2021','116 min');
INSERT INTO durations(title,date_added,duration) VALUES ('Jaws 3','September 16, 2021','98 min');
INSERT INTO durations(title,date_added,duration) VALUES ('Jaws: The Revenge','September 16, 2021','91 min');
INSERT INTO durations(title,date_added,duration) VALUES ('My Heroes Were Cowboys','September 16, 2021','23 min');
INSERT INTO durations(title,date_added,duration) VALUES ('Safe House','September 16, 2021','115 min');
INSERT INTO durations(title,date_added,duration) VALUES ('The Smart Money Woman','September 16, 2021','1 Season');
INSERT INTO durations(title,date_added,duration) VALUES ('Training Day','September 16, 2021','122 min');
INSERT INTO durations(title,date_added,duration) VALUES ('Castle and Castle','September 15, 2021','2 Seasons');






INSERT INTO content(show_id,title,date_added,rating,duration) VALUES ('s1','Dick Johnson Is Dead','September 25, 2021','PG-13','90 min');
INSERT INTO content(show_id,title,date_added,rating,duration) VALUES ('s2','Blood & Water','September 24, 2021','TV-MA','2 Seasons');
INSERT INTO content(show_id,title,date_added,rating,duration) VALUES ('s3','Ganglands','September 24, 2021','TV-MA','1 Season');
INSERT INTO content(show_id,title,date_added,rating,duration) VALUES ('s4','Jailbirds New Orleans','September 24, 2021','TV-MA','1 Season');
INSERT INTO content(show_id,title,date_added,rating,duration) VALUES ('s5','Kota Factory','September 24, 2021','TV-MA','2 Seasons');
INSERT INTO content(show_id,title,date_added,rating,duration) VALUES ('s6','Midnight Mass','September 24, 2021','TV-MA','1 Season');
INSERT INTO content(show_id,title,date_added,rating,duration) VALUES ('s7','My Little Pony: A New Generation','September 24, 2021','PG','91 min');
INSERT INTO content(show_id,title,date_added,rating,duration) VALUES ('s8','Sankofa','September 24, 2021','TV-MA','125 min');
INSERT INTO content(show_id,title,date_added,rating,duration) VALUES ('s9','The Great British Baking Show','September 24, 2021','TV-14','9 Seasons');
INSERT INTO content(show_id,title,date_added,rating,duration) VALUES ('s10','The Starling','September 24, 2021','PG-13','104 min');
INSERT INTO content(show_id,title,date_added,rating,duration) VALUES ('s11','Vendetta: Truth, Lies and The Mafia','September 24, 2021','TV-MA','1 Season');
INSERT INTO content(show_id,title,date_added,rating,duration) VALUES ('s12','Bangkok Breaking','September 23, 2021','TV-MA','1 Season');
INSERT INTO content(show_id,title,date_added,rating,duration) VALUES ('s13','Je Suis Karl','September 23, 2021','TV-MA','127 min');
INSERT INTO content(show_id,title,date_added,rating,duration) VALUES ('s14','Confessions of an Invisible Girl','September 22, 2021','TV-PG','91 min');
INSERT INTO content(show_id,title,date_added,rating,duration) VALUES ('s15','Crime Stories: India Detectives','September 22, 2021','TV-MA','1 Season');
INSERT INTO content(show_id,title,date_added,rating,duration) VALUES ('s16','Dear White People','September 22, 2021','TV-MA','4 Seasons');
INSERT INTO content(show_id,title,date_added,rating,duration) VALUES ('s17','Europe''s Most Dangerous Man: Otto Skorzeny in Spain','September 22, 2021','TV-MA','67 min');
INSERT INTO content(show_id,title,date_added,rating,duration) VALUES ('s18','Falsa identidad','September 22, 2021','TV-MA','2 Seasons');
INSERT INTO content(show_id,title,date_added,rating,duration) VALUES ('s19','Intrusion','September 22, 2021','TV-14','94 min');
INSERT INTO content(show_id,title,date_added,rating,duration) VALUES ('s20','Jaguar','September 22, 2021','TV-MA','1 Season');
INSERT INTO content(show_id,title,date_added,rating,duration) VALUES ('s21','Monsters Inside: The 24 Faces of Billy Milligan','September 22, 2021','TV-14','1 Season');
INSERT INTO content(show_id,title,date_added,rating,duration) VALUES ('s22','Resurrection: Ertugrul','September 22, 2021','TV-14','5 Seasons');
INSERT INTO content(show_id,title,date_added,rating,duration) VALUES ('s23','Avvai Shanmughi','September 21, 2021','TV-PG','161 min');
INSERT INTO content(show_id,title,date_added,rating,duration) VALUES ('s24','Go! Go! Cory Carson: Chrissy Takes the Wheel','September 21, 2021','TV-Y','61 min');
INSERT INTO content(show_id,title,date_added,rating,duration) VALUES ('s25','Jeans','September 21, 2021','TV-14','166 min');
INSERT INTO content(show_id,title,date_added,rating,duration) VALUES ('s26','Love on the Spectrum','September 21, 2021','TV-14','2 Seasons');
INSERT INTO content(show_id,title,date_added,rating,duration) VALUES ('s27','Minsara Kanavu','September 21, 2021','TV-PG','147 min');
INSERT INTO content(show_id,title,date_added,rating,duration) VALUES ('s28','Grown Ups','September 20, 2021','PG-13','103 min');
INSERT INTO content(show_id,title,date_added,rating,duration) VALUES ('s29','Dark Skies','September 19, 2021','PG-13','97 min');
INSERT INTO content(show_id,title,date_added,rating,duration) VALUES ('s30','Paranoia','September 19, 2021','PG-13','106 min');
INSERT INTO content(show_id,title,date_added,rating,duration) VALUES ('s31','Ankahi Kahaniya','September 17, 2021','TV-14','111 min');
INSERT INTO content(show_id,title,date_added,rating,duration) VALUES ('s32','Chicago Party Aunt','September 17, 2021','TV-MA','1 Season');
INSERT INTO content(show_id,title,date_added,rating,duration) VALUES ('s33','Sex Education','September 17, 2021','TV-MA','3 Seasons');
INSERT INTO content(show_id,title,date_added,rating,duration) VALUES ('s34','Squid Game','September 17, 2021','TV-MA','1 Season');
INSERT INTO content(show_id,title,date_added,rating,duration) VALUES ('s35','Tayo and Little Wizards','September 17, 2021','TV-Y7','1 Season');
INSERT INTO content(show_id,title,date_added,rating,duration) VALUES ('s36','The Father Who Moves Mountains','September 17, 2021','TV-MA','110 min');
INSERT INTO content(show_id,title,date_added,rating,duration) VALUES ('s37','The Stronghold','September 17, 2021','TV-MA','105 min');
INSERT INTO content(show_id,title,date_added,rating,duration) VALUES ('s38','Angry Birds','September 16, 2021','TV-Y7','1 Season');
INSERT INTO content(show_id,title,date_added,rating,duration) VALUES ('s39','Birth of the Dragon','September 16, 2021','PG-13','96 min');
INSERT INTO content(show_id,title,date_added,rating,duration) VALUES ('s40','Chhota Bheem','September 16, 2021','TV-Y7','3 Seasons');
INSERT INTO content(show_id,title,date_added,rating,duration) VALUES ('s41','He-Man and the Masters of the Universe','September 16, 2021','TV-Y7','1 Season');
INSERT INTO content(show_id,title,date_added,rating,duration) VALUES ('s42','Jaws','September 16, 2021','PG','124 min');
INSERT INTO content(show_id,title,date_added,rating,duration) VALUES ('s43','Jaws 2','September 16, 2021','PG','116 min');
INSERT INTO content(show_id,title,date_added,rating,duration) VALUES ('s44','Jaws 3','September 16, 2021','PG','98 min');
INSERT INTO content(show_id,title,date_added,rating,duration) VALUES ('s45','Jaws: The Revenge','September 16, 2021','PG-13','91 min');
INSERT INTO content(show_id,title,date_added,rating,duration) VALUES ('s46','My Heroes Were Cowboys','September 16, 2021','PG','23 min');
INSERT INTO content(show_id,title,date_added,rating,duration) VALUES ('s47','Safe House','September 16, 2021','R','115 min');
INSERT INTO content(show_id,title,date_added,rating,duration) VALUES ('s48','The Smart Money Woman','September 16, 2021','TV-MA','1 Season');
INSERT INTO content(show_id,title,date_added,rating,duration) VALUES ('s49','Training Day','September 16, 2021','R','122 min');
INSERT INTO content(show_id,title,date_added,rating,duration) VALUES ('s50','Castle and Castle','September 15, 2021','TV-MA','2 Seasons');
